SeenTeams,ChangeName
AbileneChristian,AbileneChristian
AcademyofArt,AcademyofArt
AdamsSt,AdamsSt
Adelphi,Adelphi
AgnesScott,AgnesScott
AirForce,AirForce
Akron,Akron
Alabama,Alabama
AlabamaA&M,AlabamaAM
AlabamaAM,AlabamaAM
AlabamaHuntsville,AlabamaHuntsville
AlaHuntsville,AlabamaHuntsville
AlabamaMobile,AlabamaMobile
Mobile,AlabamaMobile
AlabamaSt,AlabamaSt
AlabamaState,AlabamaSt
AlasAnchorage,AlaskaAnchorage
AlaskaAnchorage,AlaskaAnchorage
Albany,AlbanyNY
AlbanyNY,AlbanyNY
AlbertusMagnus,AlbertusMagnus
Alcorn,AlcornSt
AlcornSt,AlcornSt
AlcornState,AlcornSt
AldersonBroaddus,AldersonBroaddus
AliceLloyd,AliceLloyd
Allen,Allen
American,American
Anderson,Anderson
AndersonSC,Anderson
AngeloSt,AngeloSt
AntelopeValley,AntelopeValley
AppalachianSt,AppalachianSt
AppalachianState,AppalachianSt
AppState,AppalachianSt
AppSt,AppalachianSt
Arizona,Arizona
ArizonaChristian,ArizonaChristian
ArizonaSt,ArizonaSt
ArizonaState,ArizonaSt
Arkansas,Arkansas
ArkansasLittleRock,ArkansasLR
ArkansasLR,ArkansasLR
LittleRock,ArkansasLR
UALR,ArkansasLR
ArkansasMonticello,ArkansasMonticello
ArkMonticello,ArkansasMonticello
ArkansasPineBluff,ArkansasPineBluff
ArkPineBluff,ArkansasPineBluff
ArkansasSt,ArkansasSt
ArkansasState,ArkansasSt
ArkansasTech,ArkansasTech
ArkBaptist,ArkBaptist
ArlingtonBaptist,ArlingtonBaptist
Armstrong,Armstrong
Army,Army
ArmyWestPoint,Army
Asbury,Asbury
Ashford,Ashford
Auburn,Auburn
AubMontgomery,AuburnMontgomery
AuburnMontgomery,AuburnMontgomery
AUM,AuburnMontgomery
AustinPeay,AustinPeay
AveMaria,AveMaria
AzusaPacific,AzusaPacific
Baker,Baker
BallSt,BallSt
BallState,BallSt
Barton,Barton
Baylor,Baylor
Bellarmine,Bellarmine
Belmont,Belmont
BelmontAbbey,BelmontAbbey
Berry,Berry
Bethany,Bethany
BethanyKS,Bethany
Bethel,Bethel
BethelTenn,Bethel
BethelTN,Bethel
BethesdaCA,BethesdaCA
BethuneCookman,BethuneCookman
Binghamton,Binghamton
Biola,Biola
Blackburn,Blackburn
BluefieldCol,BluefieldCollege
BluefieldCollege,BluefieldCollege
BluefieldSt,BluefieldSt
BluefieldState,BluefieldSt
BlueMountain,BlueMountain
BlueMountainMS,BlueMountain
BobJones,BobJones
Z_DoNotUse_BobJones,BobJones
BoiseSt,BoiseSt
BoiseState,BoiseSt
BostonCollege,BostonCollege
BostonU,BostonU
BowieSt,BowieSt
BowlingGreen,BowlingGreen
Bradley,Bradley
Brescia,Brescia
Brevard,Brevard
BrewtonParker,BrewtonParker
BriarCliffIA,BriarCliffIA
Bridgeport,Bridgeport
Bristol,Bristol
Brown,Brown
Bryant,Bryant
BrynAthyn,BrynAthyn
Bucknell,Bucknell
Buffalo,Buffalo
Bushnell,Bushnell
Butler,Butler
BYU,BYU
BYUHawaii,BYUHawaii
CalBaptist,CalBaptist
Caldwell,Caldwell
California,California
CaliforniaBaptist,CaliforniaBaptist
CalLutheran,CaliforniaLutheran
CaliforniaLutheran,CaliforniaLutheran
CalIrvine,CalIrvine
UCIrvine,CalIrvine
CalPoly,CalPolySLO
CalPolySLO,CalPolySLO
CalRiverside,CalRiverside
UCRiverside,CalRiverside
CalSantaBarb,CalSantaBarb
CalSantaBarbara,CalSantaBarb
UCSantaBarb,CalSantaBarb
UCSantaBarbara,CalSantaBarb
CalSantaCruz,CalSantaCruz
UCSantaCruz,CalSantaCruz
Cameron,Cameron
Campbell,Campbell
CampHarrodsburg,CampHarrodsburg
Canisius,Canisius
CardinalStritch,CardinalStritch
Carroll,Carroll
CarrollMont,Carroll
CarrollMT,Carroll
Carver,Carver
Catawba,Catawba
CedarCrest,CedarCrest
Cedarville,Cedarville
CentChristianKS,CentChristianKS
CentenaryLA,CentenaryLA
CentralArk,CentralArkansas
CentralArkansas,CentralArkansas
CentralBaptist,CentralBaptist
CentConnSt,CentralConnecticut
CentralConn,CentralConnecticut
CentralConnecticut,CentralConnecticut
CentralConnSt,CentralConnecticut
CentralFlorida,CentralFlorida
UCF,CentralFlorida
CentralMethodist,CentralMethodist
CentralMich,CentralMichigan
CentralMichigan,CentralMichigan
CentralPenn,CentralPenn
CentralSt,CentralSt
CentralState,CentralSt
CentralWash,CentralWashington
CentralWashington,CentralWashington
ChadronSt,ChadronSt
ChadronState,ChadronSt
Chaminade,Chaminade
ChampionChristian,ChampionChristian
ChampionChris,ChampionChristian
Chapman,Chapman
CharlestonSo,CharlestonSou
CharlestonSou,CharlestonSou
Charlotte,CharlotteU
CharlotteU,CharlotteU
Chattanooga,Chattanooga
TennesseeChat,Chattanooga
ChestnutHill,ChestnutHill
Cheyney,Cheyney
ChicagoSt,ChicagoSt
ChicagoState,ChicagoSt
Chowan,Chowan
ChristianBros,ChristianBros
ChristianBrothers,ChristianBros
Cincinnati,Cincinnati
CincinnatiChristian,CincinnatiChristian
Claflin,Claflin
Clarion,Clarion
Clarke,Clarke
Clemson,Clemson
ClevelandSt,ClevelandSt
ClevelandState,ClevelandSt
Coastal Carolina,Coastal Carolina
CoastalCaro,Coastal Carolina
CoastalCarolina,CoastalCarolina
CoastalGa,CoastalGeorgia
CoastalGeorgia,CoastalGeorgia
Coker,Coker
Colby,Colby
ColbySawyer,Colby
Colgate,Colgate
Charleston,CollCharleston
CollCharleston,CollCharleston
CollOfCharleston,CollCharleston
ColofCharleston,CollCharleston
CollIdaho,CollIdaho
ColofIdaho,CollIdaho
Colorado,Colorado
ColoChristian,ColoradoChristian
ColoradoChristian,ColoradoChristian
ColoradoMesa,ColoradoMesa
ColoradoMines,ColoradoMines
ColoradoSt,ColoradoSt
ColoradoState,ColoradoSt
Columbia,Columbia
ColumbiaCollege,ColumbiaCollege
ColumbiaInternational,ColumbiaInternational
ColumbiaInt'l,ColumbiaInternational
ColumbiaSC,ColumbiaInternational
Concord,Concord
ConcordiaCA,ConcordiaCA
ConcordiaIrvine,ConcordiaCA
ConcordiaCollege,ConcordiaCollege
ConcordiaMI,ConcordiaMI
ConcordiaMich,ConcordiaMich
ConcordiaOR,ConcordiaOR
ConcordiaSt.Paul,ConcordiaStPaul
ConcordiaStPaul,ConcordiaStPaul
ConcordiaTX,ConcordiaTX
ConcTexas,ConcordiaTX
Connecticut,Connecticut
UConn,Connecticut
ConnecticutCol,ConnecticutCollege
ConnecticutCollege,ConnecticutCollege
Converse,Converse
CoppinSt,CoppinSt
CoppinState,CoppinSt
Corban,Corban
Cornell,Cornell
Covenant,Covenant
Creighton,Creighton
CrowleysRidge,CrowleysRidge
Crowley'sRidge,CrowleysRidge
Bakersfield,CSBakersfield
CSBakersfield,CSBakersfield
CSUBakersfield,CSBakersfield
CalStDomHills,CSDomHills
CSDomHills,CSDomHills
CSUDomHills,CSDomHills
CalStFullerton,CSFullerton
CSFullerton,CSFullerton
CSUFullerton,CSFullerton
CalStateLA,CSLA
CalStLA,CSLA
CSLA,CSLA
CalStMontereyBay,CSMontereyBay
CSMontereyBay,CSMontereyBay
CalStNorthridge,CSNorthridge
CSNorthridge,CSNorthridge
CSUN,CSNorthridge
CalStSanMarcos,CSSanMarcos
CSSanMarcos,CSSanMarcos
CalStSanB'dino,CSSB
CSSB,CSSB
CSUSanB'dino,CSSB
CalStStanislaus,CSStanislaus
CSStanislaus,CSStanislaus
CSUStanislaus,CSStanislaus
CSUPueblo,CSUPueblo
CumberlandsKY,CumberlandsKY
DakotaWesleyan,DakotaWesleyan
Dartmouth,Dartmouth
Davenport,Davenport
Davidson,Davidson
Davis&Elkins,DavisElkins
DavisElkins,DavisElkins
Dayton,Dayton
Defiance,Defiance
Delaware,Delaware
DelawareSt,DelawareSt
DelawareState,DelawareSt
DeltaSt,DeltaSt
DeltaState,DeltaSt
Denver,DenverU
DenverU,DenverU
Depaul,Depaul
DePaul,Depaul
DetroitMercy,DetroitMercy
Detroit,DetroitU
DetroitU,DetroitU
DickinsonSt,DickinsonSt
DickinsonState,DickinsonSt
DixieSt,DixieSt
DixieState,DixieSt
Doane,Doane
DominicanCA,DominicanCA
DominicanCalif,DominicanCA
Drake,Drake
Drexel,Drexel
Duke,Duke
Duquesne,Duquesne
EastCarolina,EastCarolina
EasternIll,EasternIllinois
EasternIllinois,EasternIllinois
EasternKentucky,EasternKentucky
EasternKy,EasternKentucky
EasternMich,EasternMichigan
EasternMichigan,EasternMichigan
EasternNM,EasternNM
EasternOre,EasternOregon
EasternOregon,EasternOregon
Eastern,EasternU
EasternU,EasternU
E.Washington,EasternWashington
EasternWash,EasternWashington
EasternWashington,EasternWashington
EastNazarene,EastNazarene
EastStroudsburg,EastStroudsburg
Ecclesia,Ecclesia
EdwardWaters,EdwardWaters
Elon,Elon
Emerson,Emerson
EmmanuelGA,EmmanuelGA
Emory&Henry,EmoryHenry
EmoryHenry,EmoryHenry
Erskine,Erskine
EastTennSt,ETennesseeSt
EastTennState,ETennesseeSt
ETennesseeSt,ETennesseeSt
ETSU,ETennesseeSt
Eureka,Eureka
Evangel,Evangel
Evansville,Evansville
EvergreenSt,EvergreenSt
EvergreenState,EvergreenSt
FairDickinson,FairDickinson
FairleighDickinson,FairDickinson
FairleighD'son,FairDickinson
Fairfield,Fairfield
FarmingdaleSt,FarmingdaleSt
FarmingdaleState,FarmingdaleSt
Faulkner,Faulkner
FDUFlorham,FDUFlorham
FerrisSt,FerrisSt
FerrisState,FerrisSt
Fisher,Fisher
Fisk,Fisk
FlaAtlantic,FlaAtlantic
FloridaAtlantic,FlaAtlantic
Flagler,Flagler
FGCU,FlaGulfCoast
FlaGulfCoast,FlaGulfCoast
Florida,Florida
FloridaA&M,FloridaAM
FloridaAM,FloridaAM
FIU,FloridaIntl
FloridaIntl,FloridaIntl
FlaMemorial,FloridaMemorial
FloridaMem,FloridaMemorial
FloridaMemorial,FloridaMemorial
FlaNational,FloridaNational
FloridaNational,FloridaNational
FloridaSt,FloridaSt
FloridaState,FloridaSt
Fordham,Fordham
FortValleySt,FortValleySt
FortValleyState,FortValleySt
FrancisMarion,FrancisMarion
FreedHardeman,FreedHardeman
FresnoPacific,FresnoPacific
FresnoSt,FresnoSt
FresnoState,FresnoSt
FrostburgSt,FrostburgSt
FrostburgState,FrostburgSt
Furman,Furman
GardnerWebb,GardnerWebb
GeorgeMason,GeorgeMason
Georgetown,Georgetown
GeorgeWashington,GeorgeWashington
GeoWashington,GeorgeWashington
Georgia,Georgia
GeorgianCourt,GeorgianCourt
GaSouthern,GeorgiaSouthern
GeorgiaSouthern,GeorgiaSouthern
GeorgiaSt,GeorgiaSt
GeorgiaState,GeorgiaSt
GeorgiaTech,GeorgiaTech
Gettysburg,Gettysburg
Gonzaga,Gonzaga
Goucher,Goucher
GraceChristianMI,GraceChristianMI
GraceIN,GraceIN
Graceland,Graceland
GracelandIA,Graceland
Grambling,Grambling
GrandCanyon,GrandCanyon
GreatFalls,GreatFalls
Greenville,Greenville
Hampton,Hampton
HannibalLaGrange,HannibalLaGrange
Harding,Harding
HarrisStowe,HarrisStowe
Hartford,Hartford
Harvard,Harvard
Haskell,Haskell
Haverford,Haverford
Hawaii,Hawaii
HawaiiPacific,HawaiiPacific
Heidelberg,Heidelberg
Hendrix,Hendrix
HighPoint,HighPoint
Hillsdale,Hillsdale
Hiram,Hiram
Hofstra,Hofstra
HolyCross,HolyCross
HolyNames,HolyNames
HopeInternational,HopeInternational
HopeInt'l,HopeInternational
Houston,Houston
HoustonU,Houston
HoustonBaptist,HoustonBaptist
Howard,Howard
HowardPayne,HowardPayne
Husson,Husson
HustonTillotson,HustonTillotson
Idaho,Idaho
IdahoU,Idaho
IdahoSt,IdahoSt
IdahoState,IdahoSt
Illinois,Illinois
IllChicago,IllinoisChicago
IllinoisChicago,IllinoisChicago
UIC,IllinoisChicago
IllinoisSpringfield,IllinoisSpringfield
IllSpringfield,IllinoisSpringfield
IllinoisSt,IllinoisSt
IllinoisState,IllinoisSt
IncarnateWord,IncarnateWord
UIW,IncarnateWord
Indiana,Indiana
IndianaU,Indiana
IndianaKokomo,IndianaKokomo
IndKokomo,IndianaKokomo
IndianaNorthwest,IndianaNorthwest
IndNorthwest,IndianaNorthwest
IndianaSoutheast,IndianaSoutheast
IndSoutheast,IndianaSoutheast
IndianaSt,IndianaSt
IndianaState,IndianaSt
Iona,Iona
Iowa,Iowa
IowaSt,IowaSt
IowaState,IowaSt
IowaWesleyan,IowaWesleyan
IowaWesleyanIA,IowaWesleyan
FortWayne,IPFW
IPFW,IPFW
PurdueFortWayne,IPFW
Indianapolis,IUPUI
IUPUI,IUPUI
JacksonSt,JacksonSt
JacksonState,JacksonSt
Jacksonville,Jacksonville
JacksonvilleSt,JacksonvilleSt
JacksonvilleState,JacksonvilleSt
JamesMadison,JamesMadison
Jamestown,Jamestown
JarvisChristian,JarvisChristian
JohnCarroll,JohnCarroll
JohnsHopkins,JohnsHopkins
JohnCSmith,JohnsonCSmith
JohnsonCSmith,JohnsonCSmith
JohnsonFL,JohnsonFL
Johnson&WalesRI,JohnsonWalesRI
JohnsonWalesRI,JohnsonWalesRI
JWUCharlotte,JWUCharlotte
Kansas,Kansas
KansasSt,KansasSt
KansasState,KansasSt
KanWesleyan,KansasWesleyan
KansasWesleyan,KansasWesleyan
KeeneSt,KeeneSt
KeeneState,KeeneSt
KennesawSt,KennesawSt
KennesawState,KennesawSt
KentSt,KentSt
KentState,KentSt
KentStateTuscarawas,KentStTuscarawas
KentStTuscarawas,KentStTuscarawas
Kentucky,Kentucky
KentuckyChristian,KentuckyChristian
KyChristian,KentuckyChristian
KentuckySt,KentuckySt
KentuckyState,KentuckySt
King'sPA,KingPA
KingPA,KingPA
KingTN,KingTN
Kutztown,Kutztown
Lafayette,Lafayette
LaGrange,LaGrange
LakeErie,LakeErie
LakeForest,LakeForest
Lamar,Lamar
LamarUniversity,Lamar
Lane,Lane
LaSalle,LaSalle
LaVerne,LaVerne
Lee,Lee
LeesMcRae,LeesMcRae
Lehigh,Lehigh
LeMoyneOwen,LeMoyneOwen
LenoirRhyne,LenoirRhyne
LeTourneau,LeTourneau
LCState,LewisClarkSt
LewisClarkSt,LewisClarkSt
LewisClarkState,LewisClarkSt
Liberty,Liberty
LifeGA,LifeGA
LIFEPacific,LIFEPacific
Limestone,Limestone
LincolnMO,LincolnMO
LincolnPA,LincolnPA
Lindenwood,Lindenwood
Lipscomb,Lipscomb
LIUBrooklyn,LIUBrooklyn
LIUPost,LIUPost
Post,LIUPost
Livingstone,Livingstone
LockHaven,LockHaven
LongBeachSt,LongBeachSt
LongBeachState,LongBeachSt
LongIsland,LongIsland
LIU,LongIsland
Longwood,Longwood
LouisianaCol,LouisianaCollege
LouisianaColl,LouisianaCollege
LouisianaCollege,LouisianaCollege
LouisianaTech,LouisianaTech
Louisville,Louisville
LoyolaChicago,LoyolaChicago
LoyolaIL,LoyolaChicago
LMU,LoyolaMaryland
LoyolaMaryland,LoyolaMaryland
LoyolaMd,LoyolaMaryland
LMUCA,LoyolaMarymount
LoyolaLA,LoyolaMarymount
LoyolaMarymount,LoyolaMarymount
LSU,LSU
LSUAlexandria,LSUAlexandria
LSUShreveport,LSUShreveport
Lynn,Lynn
Lyon,Lyon
MacMurray,MacMurray
Madonna,Madonna
Maine,Maine
MaineFortKent,MaineFortKent
Malone,Malone
Manchester,Manchester
Manhattan,Manhattan
Mansfield,Mansfield
Marist,Marist
Marquette,Marquette
Marshall,Marshall
MarsHill,MarsHill
Mary,Mary
Marygrove,Marygrove
Maryland,Maryland
MaryvilleMo,MaryvilleMO
MaryWashington,MaryWashington
Massachusetts,Massachusetts
MayvilleSt,MayvilleSt
MayvilleState,MayvilleSt
McMurry,McMurry
McNeese,McNeeseSt
McNeeseSt,McNeeseSt
McNeeseState,McNeeseSt
MDEastShore,MDEastShore
MDEasternShore,MDEastShore
MdEastShore,MDEastShore
UMES,MDEastShore
Memphis,Memphis
MemphisU,Memphis
CaliforniaMerced,Merced
Merced,Merced
UCMerced,Merced
Mercer,Mercer
Mercy,Mercy
Mercyhurst,Mercyhurst
Merrimack,Merrimack
Miami(FL),MiamiFlorida
MiamiFL,MiamiFlorida
MiamiFla,MiamiFlorida
MiamiFlorida,MiamiFlorida
Miami(OH),MiamiOhio
MiamiOH,MiamiOhio
MiamiOhio,MiamiOhio
Michigan,Michigan
MichDearborn,MichiganDearborn
MichiganDearborn,MichiganDearborn
MichiganSt,MichiganSt
MichiganState,MichiganSt
MichSt,MichiganSt
MidAmerChristian,MidAmericanChristian
MidAmericanChristian,MidAmericanChristian
MidAtlanticChrist,MidAtlanticChrist
MiddleTenn,MiddleTennSt
MiddleTennSt,MiddleTennSt
MiddleTennState,MiddleTennSt
Midland,Midland
Midway,Midway
Miles,Miles
Millersville,Millersville
Milligan,Milligan
Millikin,Millikin
Millsaps,Millsaps
Minnesota,Minnesota
MinnesotaU,Minnesota
Misericordia,Misericordia
Mississippi,Mississippi
OleMiss,Mississippi
MississippiSt,MississippiSt
MississippiState,MississippiSt
MississippiVal,MississippiValleySt
MississippiValleySt,MississippiValleySt
MississippiValleyState,MississippiValleySt
MissValleySt,MississippiValleySt
Missouri,Missouri
MissouriS&T,MissouriScienceTech
MissouriScienceTech,MissouriScienceTech
MissouriSt,MissouriSt
MissouriState,MissouriSt
MissouriValley,MissouriValleySt
MissouriValleySt,MissouriValleySt
MissouriValleyState,MissouriValleySt
MOBaptist,MOBaptist
MoBaptist,MOBaptist
Molloy,Molloy
Monmouth,Monmouth
Montana,Montana
MontanaSt,MontanaSt
MontanaState,MontanaSt
MontStBillings,MontanaStBillings
MontanaStBillings,MontanaStBillings
MontanaStateNorthern,MontanaStNorthern
MontanaStNorthern,MontanaStNorthern
MontStNorthern,MontanaStNorthern
MontanaTech,MontanaTech
MontanaWestern,MontanaWestern
Montevallo,Montevallo
Montreat,Montreat
MoreheadSt,MoreheadSt
MoreheadState,MoreheadSt
MorganSt,MorganSt
MorganState,MorganSt
Morris,MorrisCollege
MorrisCollege,MorrisCollege
MinnMorris,MorrisMN
MorrisMN,MorrisMN
MountIda,MountIda
MountOlive,MountOlive
MountStMarys,MountStMarys
MountStMary's,MountStMarys
Mt.St.Mary's,MountStMarys
MtStMary's,MountStMarys
MtMercy,MtMercy
MtStJoseph,MtStJoseph
Multnomah,Multnomah
MultnomahBible,Multnomah
MurraySt,MurraySt
MurrayState,MurraySt
Muskingum,Muskingum
Navy,Navy
N.CarolinaA&T,NCarolinaAT
N.CarolinaAT,NCarolinaAT
NCA&T,NCarolinaAT
NCarolinaAT,NCarolinaAT
NCAT,NCarolinaAT
NorthCarolinaAT,NCarolinaAT
NCAsheville,NCAsheville
UNCAsheville,NCAsheville
NCCentral,NCCentral
NorthCarolinaCentral,NCCentral
Greensboro,NCGreensboro
NCGreensboro,NCGreensboro
UNCG,NCGreensboro
UNCGreensboro,NCGreensboro
NCPembroke,NCPembroke
UNCPembroke,NCPembroke
NCSt,NCSt
NCState,NCSt
NorthCarolinaSt,NCSt
NCWesleyan,NCWesleyan
NCWilmington,NCWilmington
UNCW,NCWilmington
UNCWilmington,NCWilmington
Nebraska,Nebraska
NebOmaha,NebraskaOmaha
NebraskaOmaha,NebraskaOmaha
Omaha,NebraskaOmaha
Nevada,Nevada
Newberry,Newberry
NewEnglandCol,NewEnglandCollege
NewEnglandCollege,NewEnglandCollege
NewHampshire,NewHampshire
NewMexico,NewMexico
NewMexicoSt,NewMexicoSt
NewMexicoState,NewMexicoSt
NewOrleans,NewOrleans
NewOrleansU,NewOrleans
Niagara,Niagara
Nicholls,NichollsSt
NichollsSt,NichollsSt
NichollsState,NichollsSt
NJIT,NJIT
NMHighlands,NMHighlands
No.Colorado,NoColorado
NoColorado,NoColorado
NorthernColo,NoColorado
NoIllinois,NoIllinois
NorthernIll,NoIllinois
NorthernIllinois,NoIllinois
NIU,NoIllinois
NoNewMexico,NoNewMexico
NorthernNM,NoNewMexico
NorfolkSt,NorfolkSt
NorfolkState,NorfolkSt
NorthAla,NorthAlabama
NorthAlabama,NorthAlabama
NorthCarolina,NorthCarolina
NorthDakota,NorthDakota
NDakotaSt,NorthDakotaSt
NorthDakotaSt,NorthDakotaSt
NorthDakotaState,NorthDakotaSt
Northeastern,Northeastern
NorthernAriz,NorthernArizona
NorthernArizona,NorthernArizona
NorthernIowa,NorthernIowa
UNI,NorthernIowa
NorthernKentucky,NorthernKentucky
NorthernKy,NorthernKentucky
NorthFlorida,NorthFlorida
NorthGreenville,NorthGreenville
Northland,Northland
NorthTexas,NorthTexas
NorthwestChristian,NorthwestChristian
NorthwestChrst,NorthwestChristian
Northwestern,Northwestern
NorthwesternMN,NorthwesternMN
NorthwesternSt,NorthwesternSt
NorthwesternState,NorthwesternSt
N'westernSt,NorthwesternSt
NorthwestNazarene,NorthwestNazarene
NorthwestWA,NorthwestWA
NorthwoodFL,NorthwoodFL
NorthwoodFla,NorthwoodFL
Northwood,NorthwoodMI
NorthwoodMI,NorthwoodMI
Norwich,Norwich
NotreDame,NotreDame
NotreDamedeNamur,NotreDameMD
NotreDameMd,NotreDameMD
NotreDameOH,NotreDameOH
NotreDameOhio,NotreDameOH
Nyack,Nyack
Oakland,Oakland
OaklandCity,OaklandCity
Oakwood,Oakwood
Ohio,Ohio
OhioChristian,OhioChristian
OhioSt,OhioSt
OhioState,OhioSt
OhioValley,OhioValley
Oklahoma,Oklahoma
OklaChristian,OklahomaChristian
OklahomaChristian,OklahomaChristian
OklahomaPanhandle,OklahomaPanhandle
OklaPanhandle,OklahomaPanhandle
OklahomaSt,OklahomaSt
OklahomaState,OklahomaSt
OldDominion,OldDominion
Olivet,Olivet
OralRoberts,OralRoberts
Oregon,Oregon
OregonSt,OregonSt
OregonState,OregonSt
OregonTech,OregonTech
Otterbein,Otterbein
LadyOfTheLake,OurLadyOfTheLake
OurLadyOfTheLake,OurLadyOfTheLake
OzarksAR,OzarksAR
Pacific,Pacific
PacificUnion,PacificUnion
Paine,Paine
PalmBeachAtl,PalmBeachAtlantic
PalmBeachAtlantic,PalmBeachAtlantic
ParkAZ,ParkAZ
PaulQuinn,PaulQuinn
Peace,Peace
PennSt,PennSt
PennState,PennSt
Penn,Pennsylvania
Pennsylvania,Pennsylvania
Pepperdine,Pepperdine
PeruSt,PeruSt
PeruState,PeruSt
Pfeiffer,Pfeiffer
PhilanderSmith,PhilanderSmith
Piedmont,Piedmont
Pikeville,Pikeville
Pittsburgh,Pittsburgh
PittJohnstown,PittsburghJohnstown
PittsburghJohnstown,PittsburghJohnstown
PointLoma,PointLoma
PointPark,PointPark
PortlandSt,PortlandSt
PortlandState,PortlandSt
Portland,PortlandU
PortlandU,PortlandU
PrairieView,PrairieViewAM
PrairieViewA&M,PrairieViewAM
PrairieViewAM,PrairieViewAM
Presbyterian,Presbyterian
Princeton,Princeton
Providence,Providence
ProvidenceMT,ProvidenceMT
Purdue,Purdue
QueensNY,QueensNY
Quincy,Quincy
Quinnipiac,Quinnipiac
Radford,Radford
Randolph,Randolph
RegisCO,RegisCO
RhodeIsland,RhodeIsland
RhodeIslandCol,RhodeIslandCollege
RhodeIslandCollege,RhodeIslandCollege
Rhodes,Rhodes
Rice,Rice
Richmond,Richmond
Rider,Rider
RobertMorris,RobertMorris
RobertMorrisChi,RobertMorrisChicago
RobertMorrisChicago,RobertMorrisChicago
RochesterMI,RochesterMI
RochesterMich,RochesterMI
Rockford,Rockford
Rockhurst,Rockhurst
RockyMountain,RockyMountain
Rutgers,Rutgers
RutgersNewark,RutgersNewark
SacramentoSt,SacramentoSt
SacramentoState,SacramentoSt
SacredHeart,SacredHeart
SAGUAmericanIndian,SAGUAmericanIndian
MissouriStLouis,SaintLouis
MoStLouis,SaintLouis
SaintLouis,SaintLouis
SalemInternational,SalemInternational
SalemInt'l,SalemInternational
SalemWV,SalemWV
Samford,Samford
SamHouston,SamHoustonSt
SamHoustonSt,SamHoustonSt
SanDiego,SanDiego
UCSanDiego,SanDiego
SanDiegoChristian,SanDiegoChristian
SanDiegoSt,SanDiegoSt
SanDiegoState,SanDiegoSt
SanFrancisco,SanFrancisco
SanFranciscoSt,SanFranciscoSt
SanFranSt,SanFranciscoSt
SanJoseSt,SanJoseSt
SanJoseState,SanJoseSt
SantaClara,SantaClara
SavannahSt,SavannahSt
SavannahState,SavannahSt
Schreiner,Schreiner
Seattle,Seattle
SeattleU,Seattle
SELouisiana,SELouisiana
SoutheasternLa,SELouisiana
SEMissouriSt,SEMissouriSt
SEMissouriState,SEMissouriSt
SoutheastMoSt,SEMissouriSt
SetonHall,SetonHall
Shepherd,Shepherd
Shorter,Shorter
Siena,Siena
Simpson,SimpsonCA
SimpsonCA,SimpsonCA
SIUE,SIUEdwardsville
SIUEdwardsville,SIUEdwardsville
SlipperyRock,SlipperyRock
SMU,SMU
SCarolinaSt,SoCarolinaSt
SoCarolinaSt,SoCarolinaSt
SoCarolinaState,SoCarolinaSt
SouthCarolinaSt,SoCarolinaSt
SouthCarolinaState,SoCarolinaSt
SoIllinois,SoIllinois
SouthernIll,SoIllinois
SouthernIllinois,SoIllinois
SonomaSt,SonomaSt
SonomaState,SonomaSt
SouthAla,SouthAlabama
SouthAlabama,SouthAlabama
SouthCarolina,SouthCarolina
SouthDakota,SouthDakota
SouthDakotaMines,SouthDakotaMines
SouthDakotaSt,SouthDakotaSt
SouthDakotaState,SouthDakotaSt
Southern,Southern
SouthernU,Southern
SouthernUniv,Southern
SouthernArk,SouthernArkansas
SouthernArkansas,SouthernArkansas
SouthernMiss,SouthernMiss
SouthernNO,SouthernNO
SouthernOre,SouthernOregon
SouthernOregon,SouthernOregon
SouthernUtah,SouthernUtah
SouthernWesleyan,SouthernWesleyan
SouthFla,SouthFlorida
SouthFlorida,SouthFlorida
SouthwesternAssemblies,SouthwesternAssemblies
S'westernAssemblies,SouthwesternAssemblies
SouthwesternTX,SouthwesternTX
SouthwestNM,SouthwestNM
Spalding,Spalding
SpringHill,SpringHill
StAndrews,StAndrews
Stanford,Stanford
StanislausSt,StanislausSt
StatenIsland,StatenIsland
SaintAugustines,StAugustines
SaintAugustine's,StAugustines
StAugustines,StAugustines
StAugustine's,StAugustines
St.Bonaventure,StBonaventure
StBonaventure,StBonaventure
StEdwards,StEdwards
StEdward's,StEdwards
SFA,StephenFAustin
StephenF.Austin,StephenFAustin
StephenFAustin,StephenFAustin
StephensCollege,StephensCollege
Stetson,Stetson
StevensInstitute,StevensInstitute
Stevenson,Stevenson
StFrancisIL,StFrancisIL
St.FrancisNY,StFrancisNY
StFrancisB'klyn,StFrancisNY
StFrancisBrooklyn,StFrancisNY
StFrancisNY,StFrancisNY
StFrancisPA,StFrancisPA
StFrancis(PA),StFrancisPA
SaintFrancisPA,StFrancisPA
St.FrancisPA,StFrancisPA
Stillman,Stillman
St.Johns,StJohns
StJohns,StJohns
StJohn's,StJohns
StJohnsIN,StJohnsIN
StJoseph'sIN,StJohnsIN
StJohnsNY,StJohnsNY
StJohn'sNY,StJohnsNY
StJoseph'sBrkln,StJohnsNY
SaintJosephs,StJosephs
StJosephs,StJosephs
SaintJoseph's,StJosephs
St.Josephs,StJosephs
UHSP,STLCOP
STLCOP,STLCOP
SaintMartin's,StMartins
StMartins,StMartins
StMartin's,StMartins
SaintMarys(CA),StMarysCA
SaintMarysCA,StMarysCA
SaintMary'sCA,StMarysCA
StMarysCA,StMarysCA
StMary'sCA,StMarysCA
StMary'sCal,StMarysCA
StMaryNE,StMarysNE
StMarysNE,StMarysNE
StonyBrook,StonyBrook
StPeters,StPeters
SaintPeters,StPeters
SaintPeter's,StPeters
St.Peters,StPeters
St.Peter's,StPeters
StPeter's,StPeters
StThomasFL,StThomasFL
StThomasMN,StThomasMN
StThomasHouston,StThomasTX
StThomasTexas,StThomasTX
StThomasTX,StThomasTX
SulRossSt,SulRossSt
SUNYCortland,SUNYCortland
Syracuse,Syracuse
Talladega,Talladega
TarletonSt,TarletonSt
TarletonState,TarletonSt
TCU,TCU
Temple,Temple
Tennessee,Tennessee
TennesseeMartin,TennesseeMartin
TennMartin,TennesseeMartin
UTMartin,TennesseeMartin
TennSouthern,TennesseeSouthern
TennesseeSouthern,TennesseeSouthern
TennesseeSt,TennesseeSt
TennesseeState,TennesseeSt
TennesseeTech,TennesseeTech
TennesseeWesleyan,TennesseeWesleyan
TennWesleyan,TennesseeWesleyan
Texas,Texas
TexasA&M,TexasAM
TexasAM,TexasAM
TexA&MCommerce,TexasAMCommerce
TexasA&MCommerce,TexasAMCommerce
TexasAMCommerce,TexasAMCommerce
TXA&MCommerce,TexasAMCommerce
TexasAMCC,TexasAMCorpus
TexasA&MCC,TexasAMCorpus
A&MCorpusChris,TexasAMCorpus
A&MCorpusChristi,TexasAMCorpus
TexasAMCorpus,TexasAMCorpus
TexA&MInt'l,TexasAMInternational
TexasA&MInt'l,TexasAMInternational
TexasAMInternational,TexasAMInternational
TexA&MKingsville,TexasAMKingsville
TexAMKingsville,TexasAMKingsville
TexasA&MKing,TexasAMKingsville
TexasAMKingsville,TexasAMKingsville
TexA&MTexarkana,TexasAMTexarkana
TexasAMTexarkana,TexasAMTexarkana
TexasArlington,TexasArlington
TexasCol,TexasCollege
TexasCollege,TexasCollege
TexasDallas,TexasDallas
TexasLutheran,TexasLutheran
TexasPermianBasin,TexasPermianBasin
TexPermianBasin,TexasPermianBasin
TexasSanAntonio,TexasSanAntonio
TexSanAntonio,TexasSanAntonio
UTSA,TexasSanAntonio
TexasSouthern,TexasSouthern
TexasSt,TexasSt
TexasState,TexasSt
TexasTech,TexasTech
TexasTyler,TexasTyler
TexasWesleyan,TexasWesleyan
TheCitadel,TheCitadel
Thiel,Thiel
ThomasGa,ThomasGA
Tiffin,Tiffin
Toledo,Toledo
Tougaloo,Tougaloo
Towson,Towson
Transylvania,Transylvania
TreveccaNazarene,TreveccaNazarene
Trine,Trine
TrinityBaptist,TrinityBaptist
TrinityTX,TrinityTX
Troy,Troy
Tulane,Tulane
Tulsa,Tulsa
Tuskegee,Tuskegee
TXPanAmerican,TXPanAmerican
UAB,UAB
UCColoSprings,UCColoradoSprings
UCColoradoSprings,UCColoradoSprings
UCDavis,UCDavis
UCLA,UCLA
CalMaritime,UCMaritime
UCMaritime,UCMaritime
Louisiana,ULLafayette
ULLafayette,ULLafayette
UL-Lafayette,ULLafayette
LaMonroe,ULMonroe
ULM,ULMonroe
ULMonroe,ULMonroe
UL-Monroe,ULMonroe
MassLowell,UMassLowell
UMassLowell,UMassLowell
MDBaltimoreCo,UMBC
UMBC,UMBC
KansasCity,UMKC
MoKansasCity,UMKC
UMKC,UMKC
UnionKY,UnionKY
UnionNY,UnionNY
UniversityoftheSouthwest,UniversityoftheSouthwest
UNLV,UNLV
UNTDallas,UNTDallas
UpperIowa,UpperIowa
Urbana,Urbana
UrbanaUniversity,Urbana
Ursinus,Ursinus
UnivofScienceandArtsofOklahoma,USAO
USAO,USAO
Science&ArtsOkla,USAO
SouthernCalifornia,USC
USC,USC
SCUpstate,USCUpSt
USCUpSt,USCUpSt
USCUpstate,USCUpSt
Utah,Utah
UtahU,Utah
UtahSt,UtahSt
UtahState,UtahSt
UtahValley,UtahValley
UTArlington,UTArlington
UTEP,UTEP
UTPermianBasin,UTPermianBasin
UTRGV,UTRioGrandeValley
UTRioGrandeValley,UTRioGrandeValley
ValleyForge,UValleyForge
UValleyForge,UValleyForge
VaCommonwealth,VaCommonwealth
VCU,VaCommonwealth
ValleyCitySt,ValleyCitySt
ValleyCityState,ValleyCitySt
ValleyForgeChrst,ValleyForgeChrstian
ValleyForgeChrstian,ValleyForgeChrstian
Valparaiso,Valparaiso
Vanderbilt,Vanderbilt
Vermont,Vermont
Villanova,Villanova
Virginia,Virginia
VirginiaTech,VirginiaTech
VMI,VMI
Wagner,Wagner
WakeForest,WakeForest
Waldorf,Waldorf
Warner,Warner
WarnerPacific,WarnerPacific
WarnerSouthern,WarnerSouthern
WarrenWilson,WarrenWilson
Washington,Washington
WashingtonU,Washington
WashingtonAdventist,WashingtonAdventist
WashingtonSt,WashingtonSt
WashingtonState,WashingtonSt
WaylandBaptist,WaylandBaptist
WebberInternational,WebberInternational
WebberInt'l,WebberInternational
WeberSt,WeberSt
WeberState,WeberSt
Wesley,Wesley
WesleyanGA,WesleyanGA
WestAla,WestAlabama
WestAlabama,WestAlabama
WestChester,WestChester
Westcliff,Westcliff
WesternCaro,WesternCarolina
WesternCarolina,WesternCarolina
WesternColo,WesternColorado
WesternColorado,WesternColorado
WesternIll,WesternIllinois
WesternIllinois,WesternIllinois
WesternKentucky,WesternKentucky
WesternKy,WesternKentucky
WesternMich,WesternMichigan
WesternMichigan,WesternMichigan
WesternNM,WesternNM
WesternOre,WesternOregon
WesternOregon,WesternOregon
WesternSt,WesternSt
WesternState,WesternSt
WesternWash,WesternWashington
WesternWashington,WesternWashington
WestGa,WestGeorgia
WestGeorgia,WestGeorgia
WestLiberty,WestLiberty
WestminsterMO,WestminsterMO
WestminsterUT,WestminsterUT
WestVirginia,WestVirginia
WestVirginiaSt,WestVirginiaSt
WestVirginiaState,WestVirginiaSt
WestVaTech,WestVirginiaTech
WestVirginiaTech,WestVirginiaTech
WestVaWesleyan,WestVirginiaWesleyan
WestVirginiaWesleyan,WestVirginiaWesleyan
Whittier,Whittier
WichitaSt,WichitaSt
WichitaState,WichitaSt
Wiley,Wiley
Willamette,Willamette
WilliamCarey,WilliamCarey
WilliamJessup,WilliamJessup
WilliamJewell,WilliamJewell
William&Mary,WilliamMary
WilliamMary,WilliamMary
WilliamPeace,WilliamPeace
WilliamPenn,WilliamPenn
WilliamsBaptist,WilliamsBaptist
WilliamWoods,WilliamWoods
WilmingtonDE,WilmingtonDE
WilmingtonDel,WilmingtonDE
WinstonSalem,WinstonSalem
Winthrop,Winthrop
GreenBay,WiscGreenBay
WiscGreenBay,WiscGreenBay
Milwaukee,WiscMilwaukee
WiscMilwaukee,WiscMilwaukee
Wisconsin,Wisconsin
WisconsinLutheran,WisconsinLutheran
WisLutheran,WisconsinLutheran
WisconsinParkside,WisconsinParkside
WisParkside,WisconsinParkside
Wofford,Wofford
WrightSt,WrightSt
WrightState,WrightSt
Wyoming,Wyoming
Xavier,Xavier
XavierLA,XavierLA
Yale,Yale
YoungHarris,YoungHarris
YoungstownSt,YoungstownSt
YoungstownState,YoungstownSt
